{"noiseKey":{"private":{"type":"Buffer","data":"oMx7wbYIxxibFYRCv0KqNGYhdidpXxXPEIRY3G8RCl4="},"public":{"type":"Buffer","data":"GK887mar1mcTz/Hb+FyTdUA2HF5xKWsrJORbAyI63l8="}},"pairingEphemeralKeyPair":{"private":{"type":"Buffer","data":"qBs9IhWWRrqYV1Zej5kkORB7tNYKqBHRpWr/DMQ8dHE="},"public":{"type":"Buffer","data":"tAv/CZc6JxMvdWwT9N8CczLW0vgLy9QA/f/KF4F3knE="}},"signedIdentityKey":{"private":{"type":"Buffer","data":"OClj/qgOHx00SQh4bptGaXf/UmyKSKP9s5SUGUeTKH0="},"public":{"type":"Buffer","data":"s8fYpg7/6OW4CrOWTWFfkRullCs30E0O8Aiw9nMFAxA="}},"signedPreKey":{"keyPair":{"private":{"type":"Buffer","data":"oDXaqr51oZx86c7FEh1/HeJVgkhVRpDId4K1dKIKqms="},"public":{"type":"Buffer","data":"P3HAkt+DQRd1GuejGSqm6fhc7JKANzhF4XveJ7YAckM="}},"signature":{"type":"Buffer","data":"3y/2hczP6Xe45GwwVyW6x4ucFp64ux6DfkID21WlFQ1/KZlocc0169jEInYVU0Y7ZgVLl73jRyGgOeanrGgQDA=="},"keyId":1},"registrationId":61,"advSecretKey":"ob7EpK6QohJI7Dm/bvtsskoOuy5j6tPWS0TnxQpkOzQ=","processedHistoryMessages":[{"key":{"remoteJid":"94711984272@s.whatsapp.net","fromMe":true,"id":"4CBD93A03DED7CBE02C618261722802C"},"messageTimestamp":1712424827},{"key":{"remoteJid":"94711984272@s.whatsapp.net","fromMe":true,"id":"AB68C155002E5F776DE2B924A826CEA5"},"messageTimestamp":1712424871},{"key":{"remoteJid":"94711984272@s.whatsapp.net","fromMe":true,"id":"2263C1B0BA5BECE0482B4DDCE60845B1"},"messageTimestamp":1712424886},{"key":{"remoteJid":"94711984272@s.whatsapp.net","fromMe":true,"id":"A1C69083A27EA2B99D8FA927B3062CE5"},"messageTimestamp":1712424898},{"key":{"remoteJid":"94711984272@s.whatsapp.net","fromMe":true,"id":"F4934B6B4581902472B648B974F13AB5"},"messageTimestamp":1712424908},{"key":{"remoteJid":"94711984272@s.whatsapp.net","fromMe":true,"id":"C8A3889CDD6EAAC2D74E8EAEDAF7697E"},"messageTimestamp":1712424927},{"key":{"remoteJid":"94711984272@s.whatsapp.net","fromMe":true,"id":"9DD62A64460F83C18A905F4DB5B362E0"},"messageTimestamp":1712424935},{"key":{"remoteJid":"94711984272@s.whatsapp.net","fromMe":true,"id":"73201E21D4CDBEA7780A74B8E88381C2"},"messageTimestamp":1712424947},{"key":{"remoteJid":"94711984272@s.whatsapp.net","fromMe":true,"id":"3F14F16D34149023FEE52888E6B080DC"},"messageTimestamp":1712424960}],"nextPreKeyId":31,"firstUnuploadedPreKeyId":31,"accountSyncCounter":1,"accountSettings":{"unarchiveChats":false},"deviceId":"L7zBqrL6QSeM9rkFpOKUXw","phoneId":"c6f0e898-11d2-4595-afff-dada5a957cb9","identityId":{"type":"Buffer","data":"HWiIdLwOKZO/+WCsp0jB/CSRG14="},"registered":true,"backupToken":{"type":"Buffer","data":"oh8Sou0vQyHhiLmRxxKAAkBOU5k="},"registration":{},"pairingCode":"4YLHZ362","me":{"id":"94711984272:3@s.whatsapp.net","name":"𝕤𝕥𝕦𝕥𝕒𝕤 𝕧𝕚𝕨𝕖𝕤 :_*Sasiya*","lid":"132367050141880:3@lid"},"account":{"details":"CJzi4fMGEOmOxrAGGAEgACgA","accountSignatureKey":"OIoHPPEUFgj+CbCVIkYrgSg1n8SssGcraLj8Q4scW1Y=","accountSignature":"wr22u1vrCg364yOzBE+jfXmdtlvOjPwJSBLzN53UUkyT+eDJEiySYdZOj0dmcY2TTQYDp+qfGnqkHCc3pOgRDQ==","deviceSignature":"xgRYo3wNroEAGBEkI5MFIc9CgigG8CEY+A83IZB98YYDASWhqec+pu5z5IigCwzRnfHcvsQuVltmr7hhQDgRCQ=="},"signalIdentities":[{"identifier":{"name":"94711984272:3@s.whatsapp.net","deviceId":0},"identifierKey":{"type":"Buffer","data":"BTiKBzzxFBYI/gmwlSJGK4EoNZ/ErLBnK2i4/EOLHFtW"}}],"platform":"smba","lastAccountSyncTimestamp":1712424929,"myAppStateKeyId":"AAAAAP+E"}